,phrase,label,sentiment,subjectivity,language,count
Japan,,,,,,
Indonesia,,,,,,
Philippines,,,,,,
Alaska,,,,,,
Mexico,,,,,,
TOKYO,,,,,,
U.S.,,,,,,
Venezuela,,,,,,
Mindanao,,,,,,
Pacific,,,,,,
Aomori,,,,,,
Kumamoto,,,,,,
Hokkaido,,,,,,
US,,,,,,
Tokyo,,,,,,
Nepal,,,,,,
Fukushima,,,,,,
Iwate,,,,,,
Kyushu,,,,,,
the United States Geological Survey,,,,,,
Russia,,,,,,
Guatemala,,,,,,
Ternate,,,,,,
Iran,,,,,,
Caracas,,,,,,
Iwate Prefecture,,,,,,
Malaysia,,,,,,
Pacific coast,,,,,,
Tohoku,,,,,,
Asia,,,,,,
Hawaii,,,,,,
the North Sea,,,,,,
New Zealand,,,,,,
the Pacific Ocean,,,,,,
Tonga,,,,,,
Israel,,,,,,
America,,,,,,
Chiapas,,,,,,
Canada,,,,,,
Europe,,,,,,
Earth,,,,,,
Cuba,,,,,,
Britain,,,,,,
Caribbean,,,,,,
Japans,,,,,,
Thailand,,,,,,
Greenland,,,,,,
Puerto Madero,,,,,,
Latin America,,,,,,
the Northern Molucca Sea,,,,,,
El Salvador,,,,,,
Aomori Prefecture,,,,,,
MANILA,,,,,,
the South Pacific Ocean,,,,,,
Honshu,,,,,,
India,,,,,,
Colombia,,,,,,
Shimane,,,,,,
China,,,,,,
Oregon,,,,,,
the Molucca Sea,,,,,,
Jakarta,,,,,,
earth,,,,,,
the Pacific Northwest,,,,,,
Andaman,,,,,,
Fukushima Daiichi,,,,,,
South Sudan,,,,,,
Peru,,,,,,
Washington,,,,,,
Southeast Asia,,,,,,
Kumamoto Prefecture,,,,,,
Indian Ocean,,,,,,
Flores Island,,,,,,
Los Angeles,,,,,,
California,,,,,,
Kamchatka,,,,,,
Spain,,,,,,
Uzbekistan,,,,,,
North Maluku,,,,,,
Pacific Coast,,,,,,
the Yatsushiro Sea,,,,,,
the Ariake Sea,,,,,,
San Francisco,,,,,,
Mediterranean,,,,,,
Kamchatka Peninsula,,,,,,
Puerto Rico,,,,,,
Sri Lanka,,,,,,
Juneau,,,,,,
the Indian Ocean,,,,,,
Beijing,,,,,,
Te Anau,,,,,,
Noto Peninsula,,,,,,
GUATEMALA CITY,,,,,,
Australia,,,,,,
Tamil Nadu,,,,,,
The United States,,,,,,
the United States,,,,,,
NZ,,,,,,
UK,,,,,,
Shimane Prefecture,,,,,,
Papua New Guinea,,,,,,
Ore.,,,,,,
Singapore,,,,,,
Wisconsin,,,,,,
Aceh,,,,,,
West Coast,,,,,,
Molucca Sea,,,,,,
Sri Lanka's,,,,,,
Tanimbar Islands,,,,,,
The United States Geological Survey,,,,,,
Banda Sea,,,,,,
Ibaraki Prefecture,,,,,,
London,,,,,,
east coast,,,,,,
Tibet,,,,,,
Ukraine,,,,,,
Vanuatu,,,,,,
Northern Japan,,,,,,
JAKARTA,,,,,,
Kamjong,,,,,,
megaquake,,,,,,
Flores,,,,,,
Sumatra,,,,,,
Milford,,,,,,
South Island,,,,,,
South,,,,,,
the West Coast,,,,,,
Horizon,,,,,,
Minnesota,,,,,,
Kilauea,,,,,,
England,,,,,,
Southern Japan,,,,,,
Boston,,,,,,
North Sulawesi,,,,,,
Phuket,,,,,,
Kuji,,,,,,
West Bengal,,,,,,
Vietnam,,,,,,
Kerala,,,,,,
Ireland,,,,,,
West Hawaii,,,,,,
Dickson Fjord,,,,,,
New York City,,,,,,
Sulawesi Sea,,,,,,
Honaunau-Napoopoo,,,,,,
New Zealand's,,,,,,
Egypt,,,,,,
Mindanao Island,,,,,,
Mexican Pacific,,,,,,
Qatar,,,,,,
Mexico City,,,,,,
Otsuchi,,,,,,
NYC,,,,,,
B.C.,,,,,,
Big Island,,,,,,
Nicobar Islands,,,,,,
North Sea,,,,,,
The United States Geological Surve,,,,,,
Alaskas,,,,,,
Kikai,,,,,,
Michigan,,,,,,
La Palma,,,,,,
South Korea,,,,,,
UAE,,,,,,
Central Asia,,,,,,
Tofino,,,,,,
TASHKENT,,,,,,
Guam,,,,,,
Florida,,,,,,
megatsunami,,,,,,
-7.4,,,,,,
magnitude-7.4,,,,,,
the Pacific coastline,,,,,,
the Bismarck Sea,,,,,,
Alaskan fiord,,,,,,
Kagoshima Prefecture,,,,,,
Kremlin,,,,,,
Timor island,,,,,,
Nicaragua,,,,,,
Gaza,,,,,,
the South Pole,,,,,,
Oita,,,,,,
Sapporo,,,,,,
northeastern coast,,,,,,
Vancouver city council,,,,,,
Midwest,,,,,,
the Sanriku coast,,,,,,
the Great East Japan Earthquake,,,,,,
Arctic,,,,,,
Kathmandu,,,,,,
Cisco,,,,,,
Nicobar,,,,,,
Morocco,,,,,,
Ende,,,,,,
Bengal,,,,,,
magnitude-6.2,,,,,,
Tottori Prefecture,,,,,,
Flores island,,,,,,
the east coast,,,,,,
New York,,,,,,
Northeastern Japan,,,,,,
Aceh Province,,,,,,
Lebanon,,,,,,
Johnstown,,,,,,
JUNEAU,,,,,,
Maluku province,,,,,,
Herndon,,,,,,
Bengkulu city,,,,,,
New South Wales,,,,,,
Niigata Prefecture,,,,,,
New Delhi,,,,,,
HANOI,,,,,,
Misawa,,,,,,
the South Island,,,,,,
Ill.,,,,,,
Okinawa,,,,,,
the Achaemenid Empire,,,,,,
the North West,,,,,,
Strait,,,,,,
Clatsop County,,,,,,
San Diego,,,,,,
Chernobyl,,,,,,
East Nusa,,,,,,
Texas,,,,,,
Hollywood,,,,,,
Maldives,,,,,,
Africa,,,,,,
New Jersey,,,,,,
Bihar,,,,,,
Central West,,,,,,
HARTFORD,,,,,,
Andes,,,,,,
Nagekeo District,,,,,,
Northern Sumatra,,,,,,
TN,,,,,,
Conn.,,,,,,
Queenstown,,,,,,
Kedah,,,,,,
Mars,,,,,,
Kyushu island,,,,,,
Aegean Sea,,,,,,
‌southern Mexico,,,,,,
North Sulawesi Province,,,,,,
‌hospitals,,,,,,
Gulf,,,,,,
Va.,,,,,,
creators'I,,,,,,
Chicago,,,,,,
HERNDON,,,,,,
Surajkund Mela,,,,,,
the Nankai Trough,,,,,,
the Bhote Koshi,,,,,,
Carib,,,,,,
Anak Krakatoa,,,,,,
the Trisuli River,,,,,,
the South American,,,,,,
frequ,,,,,,
the United States',,,,,,
Mount Anak Krakatoa,,,,,,
the Virgin Islands,,,,,,
Mount Fuji,,,,,,
"the
coast",,,,,,
Miami,,,,,,
Aruba,,,,,,
the British Virgin Islands,,,,,,
Vancouver Island's,,,,,,
Ibiza,,,,,,
Bitcoin,,,,,,
Platja,,,,,,
Ibiza beach,,,,,,
Tel Aviv,,,,,,
Bonaire,,,,,,
Bay Tsunami,,,,,,
KASA,,,,,,
Delhi,,,,,,
the Bhote Koshi River,,,,,,
Rasuwa,,,,,,
Khabarovsk,,,,,,
Domesday,,,,,,
Mount Rainier,,,,,,
Montalbán,,,,,,
Barcola,,,,,,
Nagekeo,,,,,,
Upahuacho,,,,,,
Kyushu Island,,,,,,
Morocco Spain,,,,,,
Los Angeles County Lifeguards,,,,,,
L.A. County,,,,,,
Costa Rice,,,,,,
Ecuador,,,,,,
Panama,,,,,,
Honduras,,,,,,
Central America,,,,,,
Guatema,,,,,,
Uki City,,,,,,
Kansas,,,,,,
Puerto Ma,,,,,,
Hikawa,,,,,,
Kyushu Region,,,,,,
Sta Cruz,,,,,,
LONDON,,,,,,
Negombo,,,,,,
El,,,,,,
Mexicos Pacific,,,,,,
Liverpool,,,,,,
Ceuta,,,,,,
Red States,,,,,,
South Korea's,,,,,,
San Francis,,,,,,
Silverpit,,,,,,
the North Sea's,,,,,,
Lakshadweep,,,,,,
Cianjur,,,,,,
Mount Anak,,,,,,
Mai Khao Beach,,,,,,
Indonesias Flores island,,,,,,
San Francisco's,,,,,,
Ohio,,,,,,
Argentina,,,,,,
Puerto,,,,,,
Argentinas,,,,,,
Kosovo,,,,,,
Lyon,,,,,,
Wales,,,,,,
Nazca,,,,,,
Samoa,,,,,,
Germanys,,,,,,
Germany,,,,,,
Aotearoa,,,,,,
Davao,,,,,,
Islamabad,,,,,,
Mon,,,,,,
North Carolina,,,,,,
Chugoku,,,,,,
the U.S.s West Coast,,,,,,
Christmas Island,,,,,,
Christmas Island's,,,,,,
Minneapolis,,,,,,
Seram,,,,,,
Oasis,,,,,,
s**t,,,,,,
Severn estuary,,,,,,
the Sahara Desert,,,,,,
Yamada Town,,,,,,
the Pacific coast,,,,,,
Hyderabad,,,,,,
Ghana,,,,,,
North Carolinas,,,,,,
new exoplanetary,,,,,,
Los Alamos,,,,,,
Indonesias West Java,,,,,,
Turkey,,,,,,
Linet,,,,,,
PNW,,,,,,
Greece,,,,,,
Graham Island,,,,,,
British Columbia,,,,,,
Nice,,,,,,
the Mediterranean Sea,,,,,,
France,,,,,,
Moderna,,,,,,
Middle,,,,,,
Peninsular Malaysia,,,,,,
MEXICO CITY,,,,,,
Banda Aceh,,,,,,
Pacific Island,,,,,,
The Anchorage Area,,,,,,
Eugowra,,,,,,
Moscow,,,,,,
Astoria,,,,,,
Sudan,,,,,,
Northeast Coast Hit by Series of Quakes,,,,,,
nickcarraway,,,,,,
Uwan,,,,,,
Northern Luzon,,,,,,
Japans Iwate Prefecture,,,,,,
Modi,,,,,,
Tamil,,,,,,
Paris,,,,,,
Cascadia,,,,,,
Ocean,,,,,,
Anchorage,,,,,,
Rhode,,,,,,
West Sumatra,,,,,,
Sri Lankas,,,,,,
the Kamchatka Peninsula,,,,,,
Northern Virginia,,,,,,
Yaku,,,,,,
The United States Geologi,,,,,,
The United States G,,,,,,
Halemaʻumaʻu,,,,,,
Maine,,,,,,
U.S,,,,,,
northern coast,,,,,,
Shinkansen,,,,,,
northeast,,,,,,
north,,,,,,
WELLINGTON,,,,,,
Luganville,,,,,,
the Sulawesi Sea,,,,,,
Honaunau,,,,,,
Coronado,,,,,,
the Strait of Ho,,,,,,
Minamisanriku,,,,,,
Miyagi,,,,,,
Italy,,,,,,
Vaavu,,,,,,
Tsunami Umino's,,,,,,
Amami,,,,,,
Kagoshima,,,,,,
The Mediterranean sea,,,,,,
Europa,,,,,,
Middle East,,,,,,
Hanalei,,,,,,
Kauai,,,,,,
South Kona,,,,,,
Southern California beaches,,,,,,
Hawaii Island,,,,,,
Hawaiian Coast,,,,,,
the west coast,,,,,,
Silicon Valley,,,,,,
Mega-Tsunami,,,,,,
Akrotiri,,,,,,
Seaside,,,,,,
Northern California,,,,,,
Northern California's,,,,,,
Phillipines,,,,,,
Taiwan,,,,,,
immediatel,,,,,,
Sarangani,,,,,,
SINGAPORE,,,,,,
the Tijuana River,,,,,,
the glacial fjord,,,,,,
Ibar,,,,,,
Houston,,,,,,
North Minahasa,,,,,,
Bitung,,,,,,
Sulawesi island,,,,,,
The United States Geological,,,,,,
Ternate island,,,,,,
Manado,,,,,,
MANADO,,,,,,
Maumere,,,,,,
disrup,,,,,,
​Japan,,,,,,
​Agency,,,,,,
Nagano Prefecture - nhk.or.jp,,,,,,
Pakistan,,,,,,
Irania,,,,,,
Sanriku,,,,,,
Alaskan Cruise Area,,,,,,
Northeast Coast,,,,,,
pa,,,,,,
the North America,,,,,,
Katikati,,,,,,
Tauranga city,,,,,,
Manipur,,,,,,
the Black Lake,,,,,,
workforceThe Hill M…,,,,,,
Kyiv,,,,,,
HOKKAIDO,,,,,,
Sarabetsu,,,,,,
the Dravida Munnetra Kazhagam,,,,,,
North London,,,,,,
South Sawyer Glacier,,,,,,
Tsunami Sea,,,,,,
