day,sentiment_mean,sentiment_std,subjectivity_mean,subjectivity_std,counting
2025-10-13,-0.004797979797979808,1.0,0.32752525252525255,1.0,1.0
2025-10-14,-0.7410258563975645,0.23877437808673665,-0.6898552990088268,0.0568880851366384,3.0
2025-10-15,0.10248956249366847,1.2124079738154463,-0.3160940290144236,1.1172245758589079,2.0
2025-10-17,-0.07027532637434752,1.0,-0.030584788256763768,1.0,1.0
2025-10-20,-0.06545454545454546,1.0,0.511818181818182,1.0,1.0
2025-10-22,-0.15834616173825614,0.6452679938003103,0.014756549874825628,0.5555074661714439,3.0
2025-10-23,0.00800768074523953,0.05922949441569822,-0.980218587711927,0.19721233898973337,2.0
2025-10-24,0.7071067811865477,1.0,0.7071067811865475,1.0,1.0
2025-10-28,-0.11640826841660418,1.0,-0.6404472956886419,1.0,1.0
2025-10-29,0.25585508633745035,0.3008799346834223,-0.07047933025431988,0.4835324686049249,4.0
2025-10-30,-0.39350864852135786,1.0,-1.387790204032693,1.0,1.0
2025-10-31,-0.9019142430046955,0.19748232443665129,-0.6227366387936594,0.09099602977921903,2.0
2025-11-05,0.2732271083766077,0.40702543005878977,-0.09451240660624124,0.696399873929361,2.0
2025-11-06,-0.28086460410812997,1.350665365010959,0.19273012282551547,1.0905009291317536,3.0
2025-11-07,-0.6528448319530384,0.15252272461619837,-0.5412957652260391,1.0442010181544346,2.0
2025-11-08,-1.2005909458290274,1.0,0.29756142843077316,1.0,1.0
2025-11-09,0.4416456741361895,1.2330634493992532,0.18448161601437454,0.9455699219918366,17.0
2025-11-10,0.126935117703947,1.0757231859611411,-0.17970085460451,0.7696131581860408,4.0
2025-11-11,-0.005058875365645157,0.17170392365881,-0.0777516802529753,1.7101122000089373,2.0
2025-11-14,1.7856091172382023,0.1862471926933732,0.6730991748025656,0.15088693731289665,2.0
2025-11-18,-0.39350864852135786,1.0,-0.00546107910440566,1.0,1.0
2025-11-22,-0.025,1.0,0.20833333333333331,1.0,1.0
2025-11-25,0.13233130112360905,0.11306686750832382,0.07120793495476066,0.3572325928353986,2.0
2025-11-27,-0.8068885680111615,0.12805758944164947,-0.5566173926421544,1.3805907742087067,3.0
2025-11-30,-0.9213508057617787,0.6490089966842774,-0.7756143412970432,1.6074135490267119,2.0
2025-12-02,-1.0508354171711023,0.6906466159077511,-0.527024251427263,0.490212101253735,3.0
2025-12-03,0.1751737271434398,0.7484663383886314,0.1367968322128365,0.89288839556162,10.0
2025-12-04,-0.1418080892808206,0.2503722890570371,-0.005275388713117908,0.6554003830185859,3.0
2025-12-06,-0.6655145568720976,0.05882028771475916,-0.208605141533031,0.7049877796632287,2.0
2025-12-07,0.47034351731847623,0.7320040108881231,0.5778432425963478,0.5717851198912561,4.0
2025-12-08,0.36092462842078843,0.7201102528937023,0.20892277664437348,0.8799408593150816,47.0
2025-12-09,-0.5525123219161606,0.9155346898584826,0.1807985248560665,0.9428520125307781,22.0
2025-12-10,-0.529596581371191,0.8938289290585371,0.9182594011544974,1.8161299189113667,3.0
2025-12-11,-0.7071067811865475,1.1102230246251565e-16,0.7071067811865479,4.710277376051325e-16,2.0
2025-12-12,-0.14730906288915108,0.9091464676799488,-0.25045930649725934,0.8681013207735552,17.0
2025-12-14,-0.38778362568756025,0.505458276085293,0.04795188939499179,0.12791128051884132,2.0
2025-12-15,0.20283726122382065,0.8285168798945466,-0.2718282909670593,1.124145176359074,2.0
2025-12-16,-0.15784480941254778,0.23993730118809573,0.33368178979686647,0.7054144914647801,3.0
2025-12-17,0.04667463312560393,0.04080408933673968,0.05938803884658193,0.5814713541482973,3.0
2025-12-18,-0.4703624689802125,0.9480356953377298,-0.3747290129375237,0.812789564785548,2.0
2025-12-19,0.08286583079932001,1.0,0.1879363942939763,1.0,1.0
2025-12-21,-0.19075714517723388,1.0,0.12489485812251973,1.0,1.0
2025-12-23,0.029469696969696972,0.1595275753313287,0.4846212121212121,0.13960002058879875,2.0
2025-12-24,-0.48855339059327374,0.30908116907963223,0.6473033905932738,0.08457476605290334,2.0
2025-12-25,0.3013592802498826,1.0,-0.21777998255470046,1.0,1.0
2025-12-26,-0.6526257241444705,1.8573078214600327,0.23406316217471732,1.3442815018205774,6.0
2025-12-27,0.9752913610617514,0.907383941477635,0.3788020490947017,0.197282318403562,3.0
2025-12-28,-0.3633044080851366,1.0262128574204148,1.8218931081555707,1.9695360955213062,2.0
2025-12-30,0.7822732390075182,0.7441022480875885,-0.1976526729437206,0.8698154402912933,3.0
2025-12-31,0.6151975166692818,0.9240139906189055,-0.4321038100135713,1.0676607716297482,5.0
2026-01-01,-0.4822628262973609,1.0,1.2395754110102728,1.0,1.0
2026-01-02,0.1812188691849469,0.5355255330359633,0.04933134012647611,0.8645855526673379,3.0
2026-01-03,-0.537603512792078,0.8006922807520627,0.8091064105202076,0.4927008679245148,2.0
2026-01-05,-0.30052308756297075,0.5749961737622097,-0.14900793604781923,0.7892709559399512,2.0
2026-01-06,0.28987653008129494,0.7144355118571548,-0.541341770634387,0.5566677195887285,11.0
2026-01-08,0.513455595653131,0.8330238321764083,1.0409691713064844,0.49422783810127247,2.0
2026-01-09,0.5265573831649594,0.5140879102929792,0.007727385973763878,0.901837466885625,3.0
2026-01-13,-0.050000000000000024,1.0,0.42500000000000004,1.0,1.0
2026-01-15,-1.989502799918613,1.0,1.4525902108673834,1.0,1.0
2026-01-17,-0.7110930721585584,0.005637466756183388,1.0286358815895547,0.45471081448755246,2.0
2026-01-18,-0.07757528105018516,0.4099196028498862,0.6554817576418881,0.3310128565344873,2.0
2026-01-19,-0.5423970508612251,0.19944706826031378,-0.4635005055450204,0.5663479553944009,2.0
2026-01-20,0.755485047442167,1.0,0.8887017710640929,1.0,1.0
2026-01-21,1.0624262004781955,0.11647700418826973,0.20027523290743984,0.9283436211140748,2.0
2026-01-22,-0.15666666666666665,1.0,0.49000000000000005,1.0,1.0
2026-01-23,-0.10894661636571246,0.6182857601557454,0.5465414668506788,0.1397394803202491,3.0
2026-01-26,0.1415928668192642,1.751753249304873,0.4073068111329129,0.07417262763757304,2.0
2026-01-28,1.0746441296922329,1.0,-1.1176759097615248,1.0,1.0
2026-01-29,1.686210473615264,1.0,1.2806217575466554,1.0,1.0
2026-01-31,0.07454278372241271,1.0,-0.4632055866736062,1.0,1.0
2026-02-04,-0.003455358375084446,1.2392534373103605,1.005568606102878,1.2268468345573735,3.0
2026-02-05,0.11975718121401203,0.1370507086497423,0.19073218581277973,0.31951960703129134,2.0
2026-02-08,-0.347719359656877,1.0,-1.1570624709232025,1.0,1.0
2026-02-09,-0.37941951162518817,0.6563409684844428,-0.43438356341170187,0.09175466908661917,5.0
2026-02-10,0.15287005238998327,0.7838090986294002,-0.38506940348052504,0.455429627142923,2.0
2026-02-11,0.05303030303030303,0.2668602947166083,0.37121212121212116,0.12657637785412545,3.0
2026-02-12,0.5107503602902435,0.27768991349059297,-0.03650793604781932,0.9483699817069245,2.0
2026-02-13,-0.3009988338231634,1.0,-1.482539524418916,1.0,1.0
2026-02-14,0.14438208616780046,1.0,0.5776927437641722,1.0,1.0
2026-02-16,-0.8176646258377201,1.3515539558184202,0.18118537059535092,0.700373067981275,3.0
2026-02-17,-0.05901821544834953,0.844262343432313,0.5342170724958534,0.15716336518217075,3.0
2026-02-18,-0.0993692993347044,0.9014416555391329,0.14498881090075746,0.6563642891517746,5.0
2026-02-19,-0.08668857663654832,1.0299266762183525,0.7863414484017408,0.16751026591700394,3.0
2026-02-21,-0.44301200242583005,1.0,-1.5742783747520486,1.0,1.0
2026-02-22,-0.7044937728724848,1.0,-1.0015488806074906,1.0,1.0
2026-02-23,0.014283896655076617,0.6630223329497847,0.8338645201648044,0.3880924946893588,3.0
2026-02-24,0.03584093067751104,0.6518812857401493,-0.12790900402607744,1.1792186742276825,3.0
2026-02-25,-0.63164174147276,1.0,0.6945581816456322,1.0,1.0
2026-02-27,0.7071067811865476,1.0,-0.7071067811865476,1.0,1.0
2026-03-02,-0.4440006822517775,0.6973130076598283,-0.28044682054061654,0.947893095058021,2.0
2026-03-03,0.35539713381390103,0.2940520281126748,-0.15330712652798648,0.9483485499576364,6.0
2026-03-06,0.09953147266928485,0.4464930407565383,0.5519009551917258,0.6957190169124093,2.0
2026-03-07,0.37896990330247476,0.08998498657415538,0.6013978980609128,0.018047535059888598,2.0
2026-03-08,0.16093266175066318,1.0,-0.624326681231631,1.0,1.0
2026-03-09,-0.46508635164898315,0.3065074639165725,0.29567613462262005,0.3854948243603588,2.0
2026-03-10,-0.6686104578464358,1.6442719696141448,-0.2779904828149872,1.7474461699169153,5.0
2026-03-11,0.2896100876024175,1.1221610183998243,0.5511673573826074,0.9827117596769945,11.0
2026-03-13,0.19333333333333333,1.0,0.6362962962962962,1.0,2.0
2026-03-14,1.446051190223729,1.0450252051001538,-0.8023292811489353,0.1346649508898806,2.0
2026-03-17,-0.5785533905932738,0.1818019484660537,0.7535533905932752,0.0656854249492361,2.0
2026-03-18,-0.29697420641383854,0.9561683549895363,0.6569235773844306,0.6962217647430942,3.0
2026-03-19,-0.28127627515292275,1.9534818471414088,0.5855643664545774,0.24460126418020484,2.0
2026-03-20,0.14002187017854464,1.212169237223235,0.365945280935492,1.3400661331685249,3.0
2026-03-21,0.057575757575757565,1.0,0.1792207792207792,1.0,1.0
2026-03-22,-0.5155223315592479,1.0,-0.41926815372406345,1.0,1.0
2026-03-23,0.033766233766233764,1.0,0.29350649350649355,1.0,1.0
2026-03-24,0.876543168166986,0.13787322119905313,0.48305036913795146,0.22520461322991767,3.0
2026-03-29,0.4323735684045305,1.0,-0.5851525101974975,1.0,1.0
2026-03-30,0.9953293255196513,2.407608231177556,-0.09731450320561802,0.8623765097510144,2.0
2026-03-31,-0.5799679086452639,1.0,-1.044695863454275,1.0,1.0
2026-04-01,-0.39782768032258237,0.6689062053479287,-0.8085937270233925,0.8291883279853408,5.0
2026-04-02,-0.5940994910228536,0.8379568517522555,-0.2522698411577409,0.5268250907914583,19.0
2026-04-03,-0.401366676406581,1.0,-0.06303202577450324,1.0,1.0
2026-04-06,0.3177660914450593,0.449389116183892,0.21262899239010885,0.15928144855450807,2.0
2026-04-08,0.09434027777777776,0.22455550766431126,0.5197222222222222,0.20466812944343968,2.0
2026-04-09,-0.7205738274986525,1.0552645375034506,-0.935112530126902,0.23415104002827433,3.0
2026-04-11,-1.4562332992511888,1.0,0.9367443436844429,1.0,1.0
2026-04-12,0.0,1.0,0.0,1.0,1.0
2026-04-15,0.16923576625326167,0.5497248427414133,0.2488776495619106,0.3708511213160048,3.0
2026-04-16,-0.3374599848203901,0.5987744653076523,-0.16768739580032072,1.079044800730072,2.0
2026-04-17,0.15181969413299676,1.0,-1.1145035218272124,1.0,1.0
2026-04-20,0.3878068740004309,0.7124132428577385,0.2961519753720646,0.9322291174570873,50.0
2026-04-21,-0.2947058503839106,0.38264786700935594,-0.29656180831782836,1.193118508478684,4.0
2026-04-22,-0.06142234041902711,0.7517577739622987,0.7824221517458159,1.3146434402381566,4.0
2026-04-23,0.31041641583870755,0.43027239298349745,0.47475109936543086,0.5895699327223313,3.0
2026-04-24,0.6829763844494376,0.8532077632386316,-0.04158984056994683,0.656091878144205,6.0
2026-04-25,-0.6838369824513348,0.36603769943870834,-0.4692994408108016,0.42278061411733825,3.0
2026-04-26,-0.4623712926650469,1.4426800041305876,0.2811855322156398,1.0869095911201339,2.0
2026-04-27,0.3838118334554725,0.4777971478611951,0.6389781267559659,0.6845438312571236,9.0
2026-04-30,-0.003221678081875054,0.20623364037600353,-0.15756787852403076,0.7959463216147009,2.0
2026-05-02,-0.48564579065979374,1.074311469635885,0.08062021614943743,0.7625767983713851,4.0
2026-05-04,-0.05866896917605492,0.37098572477398345,0.2560159183044121,0.0628487868225395,2.0
2026-05-05,0.03333333333333333,1.0,0.4000000000000001,1.0,1.0
2026-05-06,0.035737571786011786,0.6466802567871552,-0.07482779228854265,0.7098908654523852,11.0
2026-05-07,-0.7411352859916898,2.0294258822367235,0.6835714727788987,0.8642015992805394,3.0
2026-05-08,-0.1817766952966369,0.3536612937958834,-0.05594336196330356,0.43630741154988506,4.0
2026-05-09,-0.3472027158732661,0.7382466192805284,-0.8479431781421622,0.5901727106705037,4.0
2026-05-10,-0.2101078450512596,0.9933376605566666,-0.17878732205044132,0.7969097947138432,3.0
2026-05-11,0.41448728856735717,0.946908818743271,-0.1716080363562956,0.7104579935461067,2.0
2026-05-12,-0.6583472326465328,1.2184693971418317,0.6948451206974713,0.41370032598440276,2.0
2026-05-13,-0.9351934775562669,0.3225632994029312,-0.31323343184995406,0.5570210324891259,2.0
2026-05-14,0.9580889967878604,0.3549424532178247,0.2062118086774145,0.7083724634469147,2.0
2026-05-15,0.7739578526420652,1.1159751121363723,-0.3805411145457027,1.5529535023901062,5.0
2026-05-16,-1.4449285866449522,0.9889092201603246,0.22720281258510372,0.039021084039860966,2.0
2026-05-18,-0.00888888888888889,0.04399775527382961,0.343015873015873,0.14568644475875214,2.0
2026-05-19,0.07897204007031217,0.26358034237059497,1.202974721707514,0.928683535334353,2.0
2026-05-20,0.23467060211346116,1.0542825521440156,-0.25559985427544357,0.5035897244314493,3.0
2026-05-21,-0.03854196461385645,0.22549858986750967,-0.847517132927495,0.9039650316887824,4.0
2026-05-22,-2.0306221509565963,1.0,1.465180442367214,1.0,1.0
2026-05-23,-0.04918079526422783,0.6863910627426707,-0.42901520378574,0.6702779534966246,4.0
2026-05-25,-0.011325587222100548,0.06883601469105166,-0.5596577583428651,1.2911643841742977,2.0
2026-05-26,-0.07777777777777778,1.0,0.5222222222222221,1.0,1.0
2026-05-27,0.49952648406636513,1.0,-1.3260879484117507,1.0,1.0
2026-05-30,0.10666666666666667,1.0,0.35999999999999993,1.0,1.0
2026-06-01,0.17954545454545454,1.0,0.40681818181818186,1.0,1.0
2026-06-02,0.7071067811865476,1.0,-0.7071067811865475,1.0,1.0
2026-06-03,0.04317536214172618,1.061059182701199,-0.18825091849350667,1.2662270020627096,2.0
2026-06-04,0.0636826640974383,0.3269816578420055,0.5612679161916401,0.49020253215481746,3.0
2026-06-05,0.10289115646258502,0.07960964101113852,0.30272108843537415,0.015392800678890832,2.0
2026-06-06,-0.1714600746250528,1.0,0.8100359257206172,1.0,1.0
2026-06-07,0.0852607709750567,1.0,0.4082766439909297,1.0,1.0
2026-06-08,-0.3382918815217753,0.7501388260223817,-0.3313211864106053,0.8822406309261182,50.0
2026-06-09,-0.1794510379081449,0.7756065294980914,0.458080065839522,0.3717266442648311,4.0
2026-06-10,-0.521874899091596,1.0,-0.9131645941948986,1.0,1.0
2026-06-11,0.3777777777777778,1.0,0.6666666666666666,1.0,1.0
2026-06-14,2.1767857654692397,1.0,0.626850725269165,1.0,1.0
2026-06-15,-1.0148840446461733,0.6187661992469542,1.2186417824153106,1.0,2.0
2026-06-16,0.4369812442178043,0.3177732137916788,-0.35346233034848906,0.1893819765508467,2.0
2026-06-17,0.4099691301646759,0.9686937485810712,0.3811575907255897,1.205505575600595,3.0
2026-06-18,-0.429185003932183,0.8129985714475236,-0.2528517494525151,1.3830523182396108,6.0
2026-06-19,0.32230339059327373,0.5441941738241592,-0.3223033905932733,0.5441941738241586,2.0
2026-06-21,0.34992886268427476,1.0,0.2110839118811842,1.0,1.0
2026-06-24,0.27575567323683775,1.166071909380336,0.23330575602705547,0.9589219128459733,12.0
2026-06-25,0.4701130175804799,1.131920215931759,0.6791833444979314,0.9229614998060052,15.0
2026-06-26,-0.25464913928550265,1.0,-0.23922752362852695,1.0,1.0
2026-06-27,0.3333333333333333,1.0,0.3333333333333333,1.0,1.0
2026-06-28,0.6430170550861117,0.46564351791985714,-0.14940751620469797,0.4742918951225442,2.0
2026-06-30,-0.21332783065807,0.7457054414488293,0.8914572645752123,0.26071095383828563,3.0
2026-07-01,0.4005463955800938,1.5664581449890274,0.705710578072565,0.0019745293796218782,2.0
2026-07-02,-0.41030102811420427,0.4197467213852677,-0.839596596656885,0.18736889391445977,2.0
2026-07-03,-0.06487912767637888,0.5562475650323603,0.5962118806909946,1.6369963806352335,3.0
2026-07-05,-1.9484150241891054,1.0,-0.6661569503931691,1.0,1.0
2026-07-06,-0.035555239590768485,1.1126486217493816,0.3114344635188335,0.4989921850067111,3.0
2026-07-07,0.22727272727272724,1.0,0.47757575757575754,1.0,1.0
2026-07-08,0.3150610845236556,0.36195676449051867,-0.00028229988910514575,0.5389454490585377,3.0
2026-07-09,-0.14097412490935748,0.5619641983198589,0.24202314793197552,0.07170161737495025,3.0
2026-07-10,-0.44397107257140983,0.6459161153996769,-0.35735707346940004,0.9568108974683491,4.0
2026-07-11,0.09155036725780245,1.0,-1.362386294414061,1.0,1.0
2026-07-12,0.0794722538112345,1.0,0.18940724284496815,1.0,1.0
2026-07-13,1.7763164997245142,0.32123030341474096,0.113437444616524,0.6626882485659117,2.0
2026-07-14,0.22613423288703127,1.154572878319158,-0.062146509932425015,0.1546369795362861,2.0
2026-07-16,0.06928531651066654,0.9294403238782885,0.68798107960427,0.5040794875513247,6.0
2026-07-17,0.4169035014145459,0.8648398341646043,0.3252314645742691,0.5358077823535372,17.0
2026-07-18,-0.17316921189159742,0.21622840901432958,-0.6278519538155076,0.5208380857637137,4.0
2026-07-19,0.20387857122473138,0.7865338996358013,0.9617049972222954,0.486119307094493,3.0
2026-07-24,-1.1691314010324287,1.0,-0.6967177527142128,1.0,1.0
2026-07-25,-0.7068404405605657,1.0,-1.864252373142238,1.0,1.0
2026-07-26,0.5573693454525274,0.7953103554018444,-0.032854784400633996,0.6522184909046963,2.0
2026-07-27,-0.0353003203709079,1.0,0.112699468217714,1.0,1.0
2026-07-28,-0.11874672624918159,0.5693829407873247,-0.6278765171267442,0.9636104172492801,33.0
2026-07-29,0.47461280924517407,0.8791336022565363,0.584488792759867,0.5696226826312532,3.0
2026-07-30,-0.010416666666666668,0.055979286843935015,0.4208333333333334,0.09428090415820634,2.0
2026-07-31,-0.37293679241355077,1.0,-0.708332189333236,1.0,1.0
2026-08-03,-0.28287929740844797,1.0,-0.5998626028235692,1.0,1.0
2026-08-04,-0.004166666666666669,0.06481812160876686,0.2416666666666667,0.07071067811865477,2.0
2026-08-05,-0.13708461483863613,0.15117558484846816,-0.3572654245855158,0.8446905815258426,3.0
2026-08-06,1.0847753705803673,0.8562414358230209,-0.0014894726921488484,0.8704283729152689,3.0
2026-08-07,0.4235306267517239,0.40103724356733494,0.8522099877406182,0.2052069226525914,2.0
2026-08-08,-1.111500511805834,1.0,0.963729966820503,1.0,1.0
2026-08-10,-0.05622089988068284,0.4250724090159896,0.056786413845672866,0.6640485574174282,5.0
2026-08-11,0.1177786384076497,0.639148157517216,0.09875077866495251,0.2946037211782996,3.0
2026-08-12,-0.37084198770112375,1.0,-0.5879748439085819,1.0,1.0
2026-08-13,0.8120440271086427,0.7809637903998748,-0.3344836247275436,0.3186900016364936,2.0
2026-08-14,0.3172523998980831,0.9316864350916899,0.5814817607032475,0.8077959200357022,8.0
2026-08-15,-0.20802277206269723,1.118969709151824,0.4128379551455046,0.5491382300969067,13.0
2026-08-16,-1.3379505176539053,0.7622753202478717,-0.5156156145597772,1.6893850525718435,2.0
2026-08-17,0.04772727272727275,1.0,0.36590909090909096,1.0,1.0
2026-08-18,0.3666666666666667,1.0,0.3666666666666667,1.0,1.0
2026-08-19,-0.15177019453294952,1.0,-1.7024518178384511,1.0,1.0
2026-08-20,0.5342119998322385,1.4979137036703658,-0.22716462416426245,0.8729957926626212,3.0
2026-08-22,-0.23369107650109994,1.0,0.9502849190573953,1.0,1.0
2026-08-23,-1.5221991476561096,1.0,-0.86889723459081,1.0,1.0
2026-08-24,-0.3186350979857782,0.4364759413958366,0.9143268216149869,0.8758603906693369,2.0
2026-08-25,1.4503138700271403,1.0,2.2408237489040617,1.0,1.0
2026-08-26,-1.431979245616188,1.3211617888385292,0.6366763202534849,0.7158960121958856,3.0
2026-08-27,0.8832324749274338,0.6363057689898374,0.049964795127674856,0.20523779210784895,3.0
2026-08-28,-0.13781366611694515,0.05972656666051683,-0.11707026443519011,0.7347864657537304,2.0
2026-08-29,0.055139521734746746,1.0,-0.9345963866987301,1.0,1.0
2026-08-30,-0.4415879593367201,1.0,0.02110743702362514,1.0,1.0
2026-09-02,-0.06666666666666661,1.0,0.7222222222222222,1.0,1.0
2026-09-06,0.42201903273710173,0.0009362246514824058,-0.508494825578439,1.193061846015608,2.0
2026-09-08,0.16593860684769776,1.0,0.3990161353797717,1.0,1.0
